visit,place,id,start,end,dwell_s
1,counter queue,8,387,840,15.13
2,coffee station,26,1206,1436,7.7
3,counter queue,25,1595,2003,13.63
4,coffee station,1,1832,1993,5.4
5,counter queue,12,2574,3016,14.77
6,counter queue,25,2754,3100,11.57
7,tables,22,2991,3081,3.03
8,counter queue,12,3709,4284,19.2
9,coffee station,16,3843,4970,37.6
10,lounge,37,4135,4377,8.1
11,tables,1,4838,5079,8.07
12,counter queue,30,5423,8517,103.17
13,lounge,47,6401,6518,3.93
14,tables,48,7297,7485,6.3
15,lounge,18,8769,8917,4.97
